"tweet_id","vader_sentiment_categ","manual_sentiment_categ","flag","avaliador"
"1366228778897309696",Positivo Forte,Negativo Fraco,A,t2fs9chk8qerqdi8i7kfr6gr1t
"1367143672509329418",Negativo Médio,Negativo Fraco,A,tnnomrt3rg656u2rst71u0umh8
"1367235965551583233",Negativo Forte,Negativo Médio,A,b5gjmgsosm8audo6h8f08mm7lk
"1367632783762464769",Positivo Médio,Negativo Forte,A,tnnomrt3rg656u2rst71u0umh8
"1367632783762464769",Positivo Médio,Negativo Médio,A,c2ua8va222fs9lii7teqlu3s6c
"1368990172029784069",Positivo Forte,Negativo Fraco,A,t2fs9chk8qerqdi8i7kfr6gr1t
"1368999042416603139",Positivo Fraco,Positivo Forte,A,t2fs9chk8qerqdi8i7kfr6gr1t
"1368999955273252865",Negativo Médio,Positivo Médio,A,noe25tih2m9hi3fa899jenetob
"1369015718658850816",Negativo Médio,Negativo Fraco,A,s457ti1vhqksns27eqpjet5l6a
"1369043861687910405",Positivo Fraco,Neutra,A,t2fs9chk8qerqdi8i7kfr6gr1t
"1369044306154098691",Negativo Médio,Negativo Fraco,A,s457ti1vhqksns27eqpjet5l6a
"1369044868287324165",Positivo Médio,Negativo Fraco,A,d9lmms0qt686ev4lmu85s3nhie
"1369044868287324165",Positivo Médio,Negativo Médio,A,t7bjj9sm036osqj82ms7931pib
"1369062113788985345",Negativo Médio,Positivo Fraco,A,"6f66jnppmcs9rr3qn0mhbqmu8r"
"1369062113788985345",Negativo Médio,Negativo Fraco,A,t2fs9chk8qerqdi8i7kfr6gr1t
"1369062113788985345",Negativo Médio,Neutra,A,u00k428m046o7mq4ipq5uhnlgq
"1369086409349414917",Negativo Fraco,Neutra,A,t2fs9chk8qerqdi8i7kfr6gr1t
"1369261417401114625",Negativo Forte,Negativo Fraco,A,d9lmms0qt686ev4lmu85s3nhie
"1369268403014361088",Negativo Fraco,Negativo Médio,A,d9lmms0qt686ev4lmu85s3nhie
"1369296314312318986",Negativo Fraco,Negativo Médio,A,u00k428m046o7mq4ipq5uhnlgq
"1369320432130813952",Negativo Médio,Neutra,A,s457ti1vhqksns27eqpjet5l6a
"1369356151339507720",Positivo Forte,Negativo Fraco,A,oof1qva57oj5hki084b5hi7m5a
"1369393469710548993",Negativo Médio,Negativo Fraco,A,oof1qva57oj5hki084b5hi7m5a
"1369415541149011975",Negativo Médio,Negativo Forte,A,noe25tih2m9hi3fa899jenetob
"1369415541149011975",Negativo Médio,Negativo Forte,A,hifip81cfia6o7hntbg2u7vqc0
"1369666434008236034",Negativo Fraco,Negativo Fraco,A,oof1qva57oj5hki084b5hi7m5a
"1369670239802318848",Negativo Médio,Negativo Médio,A,t2fs9chk8qerqdi8i7kfr6gr1t
"1369692664006926337",Negativo Fraco,Positivo Médio,A,"6f66jnppmcs9rr3qn0mhbqmu8r"
"1369694175659253762",Negativo Médio,Negativo Fraco,A,oof1qva57oj5hki084b5hi7m5a
"1369762992762609666",Negativo Forte,Negativo Médio,A,"6f66jnppmcs9rr3qn0mhbqmu8r"
"1369772728761335815",Positivo Médio,Positivo Fraco,A,s457ti1vhqksns27eqpjet5l6a
"1370477294628790277",Positivo Médio,Negativo Fraco,A,d7gesl3gppc1drt2r90l0kksc0
"1370503652046209032",Negativo Médio,Positivo Médio,A,s457ti1vhqksns27eqpjet5l6a
"1370757196275912706",Negativo Fraco,Negativo Fraco,A,oof1qva57oj5hki084b5hi7m5a
"1370778832672854016",Negativo Forte,Negativo Médio,A,d7gesl3gppc1drt2r90l0kksc0
"1371173278304321536",Negativo Médio,Negativo Forte,A,s457ti1vhqksns27eqpjet5l6a
"1371550585644793863",Positivo Médio,Positivo Forte,A,t2fs9chk8qerqdi8i7kfr6gr1t
"1371582998567600131",Positivo Forte,Positivo Fraco,A,"6f66jnppmcs9rr3qn0mhbqmu8r"
"1371603661881753601",Positivo Médio,Negativo Forte,A,hifip81cfia6o7hntbg2u7vqc0
"1371784919165329412",Positivo Forte,Negativo Médio,A,b5gjmgsosm8audo6h8f08mm7lk
"1371788748028002305",Positivo Fraco,Negativo Médio,A,hifip81cfia6o7hntbg2u7vqc0
"1371834119437570050",Positivo Médio,Neutra,A,d7gesl3gppc1drt2r90l0kksc0
"1371844191848960002",Negativo Forte,Negativo Forte,A,"6q8untnl1kvbh624mo6ulgl6oo"
"1371854825726558214",Negativo Forte,Neutra,A,"6f66jnppmcs9rr3qn0mhbqmu8r"
"1371901982227726337",Positivo Médio,Positivo Fraco,A,s457ti1vhqksns27eqpjet5l6a
"1371901982227726337",Positivo Médio,Neutra,A,d7gesl3gppc1drt2r90l0kksc0
"1371950029825531905",Negativo Forte,Negativo Forte,A,s457ti1vhqksns27eqpjet5l6a
"1371950029825531905",Negativo Forte,Negativo Médio,A,d9lmms0qt686ev4lmu85s3nhie
"1371967900031025153",Negativo Médio,Negativo Forte,A,noe25tih2m9hi3fa899jenetob
"1371969622803681281",Negativo Forte,Negativo Fraco,A,t2fs9chk8qerqdi8i7kfr6gr1t
"1372136249994186759",Negativo Médio,Negativo Forte,A,"6f66jnppmcs9rr3qn0mhbqmu8r"
"1372182422176022528",Negativo Forte,Negativo Médio,A,noe25tih2m9hi3fa899jenetob
"1372208071758450704",Positivo Fraco,Negativo Forte,A,u00k428m046o7mq4ipq5uhnlgq
"1372211831599677448",Negativo Fraco,Negativo Fraco,A,d7gesl3gppc1drt2r90l0kksc0
"1372211831599677448",Negativo Fraco,Neutra,A,"6f66jnppmcs9rr3qn0mhbqmu8r"
"1372281377509543936",Negativo Médio,Positivo Forte,A,"6q8untnl1kvbh624mo6ulgl6oo"
"1372312155505168386",Negativo Fraco,Negativo Médio,A,t7bjj9sm036osqj82ms7931pib
"1372332621670326277",Positivo Fraco,Negativo Fraco,A,"6q8untnl1kvbh624mo6ulgl6oo"
"1372332621670326277",Positivo Fraco,Negativo Médio,A,t2fs9chk8qerqdi8i7kfr6gr1t
"1372503469354070024",Positivo Fraco,Negativo Fraco,A,"6q8untnl1kvbh624mo6ulgl6oo"
"1372538673066037249",Negativo Fraco,Negativo Forte,A,t2fs9chk8qerqdi8i7kfr6gr1t
"1372872190803202049",Positivo Forte,Negativo Forte,A,c2ua8va222fs9lii7teqlu3s6c
"1372872190803202049",Positivo Forte,Negativo Médio,A,c2ua8va222fs9lii7teqlu3s6c
"1372991523554476032",Positivo Médio,Negativo Forte,A,t2fs9chk8qerqdi8i7kfr6gr1t
"1372991523554476032",Positivo Médio,Negativo Forte,A,s457ti1vhqksns27eqpjet5l6a
"1373124451215216640",Positivo Médio,Negativo Médio,A,t7bjj9sm036osqj82ms7931pib
"1373124451215216640",Positivo Médio,Negativo Fraco,A,s457ti1vhqksns27eqpjet5l6a
"1373655015424987139",Negativo Médio,Negativo Fraco,A,oof1qva57oj5hki084b5hi7m5a
"1373768130288304131",Negativo Forte,Positivo Fraco,A,"6f66jnppmcs9rr3qn0mhbqmu8r"
"1374060426628116481",Negativo Médio,Neutra,A,noe25tih2m9hi3fa899jenetob
"1374079596476399616",Positivo Médio,Neutra,A,"6f66jnppmcs9rr3qn0mhbqmu8r"
"1374472066322239493",Positivo Forte,Positivo Médio,A,noe25tih2m9hi3fa899jenetob
"1374491912640421893",Negativo Forte,Neutra,A,oof1qva57oj5hki084b5hi7m5a
"1374501804638052360",Negativo Médio,Negativo Médio,A,noe25tih2m9hi3fa899jenetob
"1374506617291513857",Negativo Médio,Negativo Fraco,A,b5gjmgsosm8audo6h8f08mm7lk
"1374511180660699136",Negativo Forte,Positivo Fraco,A,t2fs9chk8qerqdi8i7kfr6gr1t
"1374514943068762114",Negativo Forte,Negativo Forte,A,t2fs9chk8qerqdi8i7kfr6gr1t
"1374525370280538116",Negativo Médio,Negativo Forte,A,c2ua8va222fs9lii7teqlu3s6c
"1374744725429874688",Positivo Fraco,Negativo Fraco,A,noe25tih2m9hi3fa899jenetob
"1375058781403553795",Negativo Forte,Negativo Forte,A,"6q8untnl1kvbh624mo6ulgl6oo"
"1375560639440117760",Negativo Médio,Negativo Forte,A,noe25tih2m9hi3fa899jenetob
"1376331309086281738",Negativo Médio,Negativo Forte,A,tnnomrt3rg656u2rst71u0umh8
"1376331309086281738",Negativo Médio,Negativo Forte,A,t7bjj9sm036osqj82ms7931pib
"1376358598796840966",Negativo Forte,Negativo Fraco,A,u00k428m046o7mq4ipq5uhnlgq
"1376379223514943490",Positivo Médio,Negativo Fraco,A,t2fs9chk8qerqdi8i7kfr6gr1t
"1376594808144289800",Positivo Médio,Positivo Médio,A,c2ua8va222fs9lii7teqlu3s6c
"1376897036243582979",Positivo Forte,Neutra,A,d9lmms0qt686ev4lmu85s3nhie
"1377231329906065410",Negativo Forte,Negativo Médio,A,d9lmms0qt686ev4lmu85s3nhie
"1377270773023449088",Negativo Médio,Neutra,A,d7gesl3gppc1drt2r90l0kksc0
"1377597572865527808",Positivo Médio,Negativo Fraco,A,tnnomrt3rg656u2rst71u0umh8
"1377765287123095559",Positivo Forte,Negativo Médio,D,c2ua8va222fs9lii7teqlu3s6c
"1377777911881695233",Positivo Médio,Neutra,A,tnnomrt3rg656u2rst71u0umh8
"1378075487365435392",Negativo Médio,Neutra,A,"6f66jnppmcs9rr3qn0mhbqmu8r"
"1378095118452985856",Negativo Forte,Positivo Fraco,A,c2ua8va222fs9lii7teqlu3s6c
"1378183910354526208",Positivo Forte,Negativo Fraco,A,t2fs9chk8qerqdi8i7kfr6gr1t
"1378458936207155202",Negativo Forte,Negativo Forte,A,"6q8untnl1kvbh624mo6ulgl6oo"
"1379048502140022787",Positivo Forte,Negativo Fraco,A,"6q8untnl1kvbh624mo6ulgl6oo"
"1379077334163206148",Positivo Médio,Negativo Forte,A,t7bjj9sm036osqj82ms7931pib
"1379083907140886535",Positivo Fraco,Neutra,A,oof1qva57oj5hki084b5hi7m5a
"1379145445075730437",Negativo Forte,Negativo Médio,A,t7bjj9sm036osqj82ms7931pib
"1379220450136498177",Negativo Médio,Negativo Médio,A,d7gesl3gppc1drt2r90l0kksc0
"1379455704654876675",Negativo Forte,Negativo Forte,D,d7gesl3gppc1drt2r90l0kksc0
"1379472426476711941",Negativo Médio,Positivo Forte,D,t2fs9chk8qerqdi8i7kfr6gr1t
"1379539017444769796",Negativo Forte,Negativo Médio,D,"6q8untnl1kvbh624mo6ulgl6oo"
"1379539017444769796",Negativo Forte,Negativo Forte,D,d9lmms0qt686ev4lmu85s3nhie
"1379569811357888512",Negativo Forte,Negativo Forte,D,noe25tih2m9hi3fa899jenetob
"1379604820827463683",Positivo Forte,Negativo Fraco,A,"6q8untnl1kvbh624mo6ulgl6oo"
"1379864351025332229",Positivo Médio,Positivo Fraco,D,"6q8untnl1kvbh624mo6ulgl6oo"
"1379867372585107457",Negativo Médio,Negativo Fraco,A,b5gjmgsosm8audo6h8f08mm7lk
"1379867372585107457",Negativo Médio,Negativo Forte,A,"6q8untnl1kvbh624mo6ulgl6oo"
"1379917943782436867",Negativo Fraco,Negativo Forte,A,s457ti1vhqksns27eqpjet5l6a
"1380273132091670532",Negativo Médio,Negativo Forte,D,d9lmms0qt686ev4lmu85s3nhie
"1380297186622181380",Positivo Médio,Positivo Fraco,A,d7gesl3gppc1drt2r90l0kksc0
"1380301778487549958",Positivo Fraco,Negativo Fraco,D,oof1qva57oj5hki084b5hi7m5a
"1380316219560058882",Positivo Forte,Negativo Fraco,A,c2ua8va222fs9lii7teqlu3s6c
"1380321855752519682",Negativo Forte,Negativo Forte,D,u00k428m046o7mq4ipq5uhnlgq
"1380479335971323906",Negativo Fraco,Negativo Forte,A,u00k428m046o7mq4ipq5uhnlgq
"1380501954481250308",Positivo Médio,Negativo Forte,A,u00k428m046o7mq4ipq5uhnlgq
"1380669675101650944",Negativo Médio,Positivo Forte,A,hifip81cfia6o7hntbg2u7vqc0
"1380835948519419905",Negativo Médio,Neutra,A,b5gjmgsosm8audo6h8f08mm7lk
"1380835948519419905",Negativo Médio,Positivo Fraco,A,t2fs9chk8qerqdi8i7kfr6gr1t
"1380945202387517444",Positivo Médio,Positivo Fraco,A,s457ti1vhqksns27eqpjet5l6a
"1381001945712852993",Negativo Forte,Negativo Médio,D,oof1qva57oj5hki084b5hi7m5a
"1381001966868905995",Negativo Forte,Negativo Forte,D,c2ua8va222fs9lii7teqlu3s6c
"1381267883943137283",Positivo Forte,Neutra,A,b5gjmgsosm8audo6h8f08mm7lk
"1381284774212468737",Positivo Fraco,Negativo Fraco,A,"6f66jnppmcs9rr3qn0mhbqmu8r"
"1381350618372132864",Negativo Médio,Negativo Forte,D,tnnomrt3rg656u2rst71u0umh8
"1381390935469260800",Negativo Forte,Positivo Fraco,A,"6f66jnppmcs9rr3qn0mhbqmu8r"
"1381640822710538251",Negativo Fraco,Neutra,A,d9lmms0qt686ev4lmu85s3nhie
"1381651070271774730",Negativo Forte,Negativo Médio,A,s457ti1vhqksns27eqpjet5l6a
"1381771927505793026",Negativo Médio,Positivo Fraco,A,b5gjmgsosm8audo6h8f08mm7lk
"1381779118673498133",Positivo Forte,Negativo Fraco,A,s457ti1vhqksns27eqpjet5l6a
"1381955679280365568",Negativo Forte,Negativo Fraco,D,oof1qva57oj5hki084b5hi7m5a
"1381984553758289920",Positivo Forte,Positivo Médio,A,noe25tih2m9hi3fa899jenetob
"1382068364873457668",Negativo Forte,Positivo Médio,A,s457ti1vhqksns27eqpjet5l6a
"1382096649892331521",Negativo Fraco,Positivo Fraco,A,"6f66jnppmcs9rr3qn0mhbqmu8r"
"1382158072735535104",Positivo Fraco,Negativo Forte,A,s457ti1vhqksns27eqpjet5l6a
"1382161565869346817",Positivo Médio,Negativo Forte,D,b5gjmgsosm8audo6h8f08mm7lk
"1382315595555823616",Negativo Forte,Negativo Fraco,A,c2ua8va222fs9lii7teqlu3s6c
"1382338512456933378",Positivo Médio,Negativo Fraco,A,t7bjj9sm036osqj82ms7931pib
"1382365053224165376",Positivo Médio,Negativo Fraco,A,b5gjmgsosm8audo6h8f08mm7lk
"1382376835611308036",Negativo Médio,Negativo Forte,A,t7bjj9sm036osqj82ms7931pib
"1382449334361411586",Positivo Médio,Negativo Fraco,A,oof1qva57oj5hki084b5hi7m5a
"1382471689829822472",Negativo Médio,Positivo Médio,A,hifip81cfia6o7hntbg2u7vqc0
"1382506429639184386",Negativo Fraco,Negativo Fraco,D,oof1qva57oj5hki084b5hi7m5a
"1382826664065896448",Positivo Médio,Neutra,D,hifip81cfia6o7hntbg2u7vqc0
"1382838649482465281",Positivo Médio,Negativo Fraco,A,oof1qva57oj5hki084b5hi7m5a
"1382842217195261953",Positivo Fraco,Positivo Fraco,D,s457ti1vhqksns27eqpjet5l6a
"1382849744020643849",Positivo Médio,Neutra,A,"6q8untnl1kvbh624mo6ulgl6oo"
"1382857758052077568",Negativo Forte,Neutra,A,c2ua8va222fs9lii7teqlu3s6c
"1382867552955723777",Positivo Fraco,Negativo Fraco,A,oof1qva57oj5hki084b5hi7m5a
"1383065526537175042",Negativo Médio,Neutra,D,"6q8untnl1kvbh624mo6ulgl6oo"
"1383077978108739585",Positivo Médio,Negativo Fraco,D,d9lmms0qt686ev4lmu85s3nhie
"1383081629795688452",Positivo Forte,Neutra,A,d7gesl3gppc1drt2r90l0kksc0
"1383085700325736455",Positivo Médio,Neutra,A,oof1qva57oj5hki084b5hi7m5a
"1383085700325736455",Positivo Médio,Positivo Fraco,A,"6f66jnppmcs9rr3qn0mhbqmu8r"
"1383107834058047491",Positivo Médio,Neutra,D,s457ti1vhqksns27eqpjet5l6a
"1383112314963042310",Negativo Forte,Neutra,D,b5gjmgsosm8audo6h8f08mm7lk
"1383114213703360513",Negativo Fraco,Neutra,A,d7gesl3gppc1drt2r90l0kksc0
"1383224246839566351",Negativo Fraco,Negativo Forte,A,s457ti1vhqksns27eqpjet5l6a
"1383224246839566351",Negativo Fraco,Negativo Forte,A,s457ti1vhqksns27eqpjet5l6a
"1383451949089972241",Negativo Médio,Positivo Forte,D,t2fs9chk8qerqdi8i7kfr6gr1t
"1383609466667507712",Positivo Médio,Negativo Médio,A,t7bjj9sm036osqj82ms7931pib
"1383638417892773889",Positivo Forte,Negativo Fraco,A,b5gjmgsosm8audo6h8f08mm7lk
"1383695625703747584",Negativo Forte,Negativo Fraco,D,u00k428m046o7mq4ipq5uhnlgq
"1383779749676290059",Negativo Médio,Negativo Forte,D,s457ti1vhqksns27eqpjet5l6a
"1383779749676290059",Negativo Médio,Positivo Fraco,D,"6f66jnppmcs9rr3qn0mhbqmu8r"
"1383891192648110086",Negativo Forte,Negativo Médio,A,"6q8untnl1kvbh624mo6ulgl6oo"
"1383891192648110086",Negativo Forte,Neutra,A,d7gesl3gppc1drt2r90l0kksc0
"1383926551670976516",Negativo Forte,Negativo Fraco,D,d9lmms0qt686ev4lmu85s3nhie
"1383959411236892676",Positivo Médio,Neutra,A,tnnomrt3rg656u2rst71u0umh8
"1383975088958046217",Positivo Médio,Positivo Fraco,D,t7bjj9sm036osqj82ms7931pib
"1384143231995109378",Negativo Forte,Neutra,A,"6f66jnppmcs9rr3qn0mhbqmu8r"
"1384166701961383968",Negativo Médio,Negativo Fraco,A,tnnomrt3rg656u2rst71u0umh8
"1384167464917815299",Negativo Médio,Neutra,D,"6q8untnl1kvbh624mo6ulgl6oo"
"1384251375136100359",Negativo Médio,Negativo Fraco,A,d9lmms0qt686ev4lmu85s3nhie
"1384284497529630722",Positivo Médio,Negativo Forte,A,t7bjj9sm036osqj82ms7931pib
"1384285519312392200",Negativo Forte,Negativo Fraco,A,t2fs9chk8qerqdi8i7kfr6gr1t
"1384324019466420225",Positivo Fraco,Negativo Fraco,A,d9lmms0qt686ev4lmu85s3nhie
"1384534095242407940",Negativo Forte,Negativo Forte,D,hifip81cfia6o7hntbg2u7vqc0
"1384623109261647874",Positivo Fraco,Neutra,A,b5gjmgsosm8audo6h8f08mm7lk
"1384623109261647874",Positivo Fraco,Positivo Médio,A,tnnomrt3rg656u2rst71u0umh8
"1384639818232176641",Negativo Forte,Negativo Fraco,A,d9lmms0qt686ev4lmu85s3nhie
"1384639818232176641",Negativo Forte,Negativo Forte,A,u00k428m046o7mq4ipq5uhnlgq
"1384649827846434819",Negativo Médio,Negativo Fraco,D,u00k428m046o7mq4ipq5uhnlgq
"1384927411427368963",Negativo Forte,Negativo Forte,A,hifip81cfia6o7hntbg2u7vqc0
"1385011321247309825",Positivo Médio,Negativo Fraco,D,tnnomrt3rg656u2rst71u0umh8
"1385223642334830596",Positivo Médio,Negativo Médio,A,t7bjj9sm036osqj82ms7931pib
"1385223642334830596",Positivo Médio,Positivo Forte,A,t2fs9chk8qerqdi8i7kfr6gr1t
"1385317168087187458",Negativo Forte,Neutra,A,d7gesl3gppc1drt2r90l0kksc0
"1385320966025322504",Negativo Médio,Negativo Médio,D,t7bjj9sm036osqj82ms7931pib
"1385353730145636361",Positivo Médio,Negativo Fraco,A,oof1qva57oj5hki084b5hi7m5a
"1385354822078144512",Positivo Forte,Negativo Médio,A,oof1qva57oj5hki084b5hi7m5a
"1385431343878840321",Negativo Fraco,Negativo Médio,A,b5gjmgsosm8audo6h8f08mm7lk
"1385649183907065858",Negativo Médio,Negativo Forte,A,s457ti1vhqksns27eqpjet5l6a
"1385733668816265219",Negativo Médio,Negativo Fraco,A,"6f66jnppmcs9rr3qn0mhbqmu8r"
"1385734007422439426",Positivo Médio,Positivo Fraco,A,"6f66jnppmcs9rr3qn0mhbqmu8r"
"1386104089071820801",Negativo Médio,Negativo Médio,A,"6f66jnppmcs9rr3qn0mhbqmu8r"
"1386314904269905922",Negativo Médio,Neutra,A,t7bjj9sm036osqj82ms7931pib
"1386366921164083202",Negativo Forte,Negativo Médio,A,t7bjj9sm036osqj82ms7931pib
"1386366921164083202",Negativo Forte,Neutra,A,oof1qva57oj5hki084b5hi7m5a
"1386395334356647940",Negativo Médio,Negativo Médio,A,tnnomrt3rg656u2rst71u0umh8
"1386395334356647940",Negativo Médio,Negativo Fraco,A,tnnomrt3rg656u2rst71u0umh8
"1386460717000318976",Positivo Médio,Positivo Médio,D,noe25tih2m9hi3fa899jenetob
"1386719875536666624",Positivo Médio,Neutra,A,t7bjj9sm036osqj82ms7931pib
"1386733490679468033",Positivo Médio,Positivo Médio,D,noe25tih2m9hi3fa899jenetob
"1386733490679468033",Positivo Médio,Positivo Médio,D,noe25tih2m9hi3fa899jenetob
"1386810510331551744",Positivo Médio,Negativo Forte,A,u00k428m046o7mq4ipq5uhnlgq
"1386810510331551744",Positivo Médio,Negativo Forte,A,t7bjj9sm036osqj82ms7931pib
"1386810510331551744",Positivo Médio,Negativo Fraco,A,d9lmms0qt686ev4lmu85s3nhie
"1386999423109058560",Negativo Médio,Negativo Médio,D,hifip81cfia6o7hntbg2u7vqc0
"1387027751295664134",Negativo Fraco,Negativo Forte,D,"6q8untnl1kvbh624mo6ulgl6oo"
"1387057974858850307",Positivo Fraco,Negativo Forte,D,t7bjj9sm036osqj82ms7931pib
"1387084838537244673",Positivo Fraco,Negativo Médio,D,hifip81cfia6o7hntbg2u7vqc0
"1387099414087536642",Negativo Médio,Negativo Fraco,A,tnnomrt3rg656u2rst71u0umh8
"1387160536320811008",Positivo Médio,Negativo Fraco,A,t7bjj9sm036osqj82ms7931pib
"1387185181359026176",Negativo Médio,Positivo Forte,A,t2fs9chk8qerqdi8i7kfr6gr1t
"1387201872411467785",Positivo Forte,Positivo Médio,D,b5gjmgsosm8audo6h8f08mm7lk
"1387369922637045762",Negativo Forte,Negativo Forte,D,s457ti1vhqksns27eqpjet5l6a
"1387459288013152263",Positivo Forte,Positivo Fraco,A,"6f66jnppmcs9rr3qn0mhbqmu8r"
"1387459288013152263",Positivo Forte,Negativo Médio,A,t7bjj9sm036osqj82ms7931pib
"1387473575905570816",Negativo Forte,Negativo Médio,A,noe25tih2m9hi3fa899jenetob
"1387489825754951683",Negativo Forte,Neutra,A,hifip81cfia6o7hntbg2u7vqc0
"1387495496403628037",Positivo Fraco,Positivo Fraco,D,oof1qva57oj5hki084b5hi7m5a
"1387561612383596549",Positivo Médio,Negativo Fraco,A,b5gjmgsosm8audo6h8f08mm7lk
"1387773793012174848",Negativo Fraco,Negativo Forte,D,"6q8untnl1kvbh624mo6ulgl6oo"
"1387797840207007749",Negativo Forte,Negativo Forte,A,b5gjmgsosm8audo6h8f08mm7lk
"1387806178361630723",Negativo Forte,Negativo Forte,A,u00k428m046o7mq4ipq5uhnlgq
"1387836583378837507",Negativo Forte,Negativo Fraco,A,b5gjmgsosm8audo6h8f08mm7lk
"1387875436449996800",Negativo Forte,Negativo Forte,A,noe25tih2m9hi3fa899jenetob
"1387928774042345475",Positivo Médio,Negativo Médio,D,d9lmms0qt686ev4lmu85s3nhie
"1387945028392300547",Negativo Forte,Negativo Médio,D,b5gjmgsosm8audo6h8f08mm7lk
"1388078087825498115",Negativo Forte,Negativo Médio,A,tnnomrt3rg656u2rst71u0umh8
"1388079696798175233",Negativo Médio,Negativo Fraco,A,tnnomrt3rg656u2rst71u0umh8
"1388195750144839682",Negativo Forte,Negativo Médio,A,noe25tih2m9hi3fa899jenetob
"1388195750144839682",Negativo Forte,Negativo Médio,A,noe25tih2m9hi3fa899jenetob
"1388483652384927749",Positivo Forte,Negativo Médio,D,d7gesl3gppc1drt2r90l0kksc0
"1388535058605150213",Positivo Médio,Negativo Fraco,D,d7gesl3gppc1drt2r90l0kksc0
"1388555625412628487",Negativo Forte,Negativo Forte,A,u00k428m046o7mq4ipq5uhnlgq
"1388555625412628487",Negativo Forte,Negativo Médio,A,t2fs9chk8qerqdi8i7kfr6gr1t
"1388560095466950658",Negativo Forte,Negativo Fraco,D,c2ua8va222fs9lii7teqlu3s6c
"1388586001698893841",Negativo Forte,Neutra,A,"6f66jnppmcs9rr3qn0mhbqmu8r"
"1388898676475678721",Negativo Fraco,Negativo Médio,D,oof1qva57oj5hki084b5hi7m5a
"1388923466481643525",Negativo Médio,Negativo Médio,D,d7gesl3gppc1drt2r90l0kksc0
"1389038539262791681",Positivo Médio,Negativo Forte,A,t7bjj9sm036osqj82ms7931pib
"1389038539262791681",Positivo Médio,Negativo Médio,A,t2fs9chk8qerqdi8i7kfr6gr1t
"1389237077762617348",Negativo Forte,Positivo Fraco,A,c2ua8va222fs9lii7teqlu3s6c
"1389307508997697538",Negativo Fraco,Neutra,D,d9lmms0qt686ev4lmu85s3nhie
"1389309050240782341",Positivo Fraco,Negativo Fraco,D,u00k428m046o7mq4ipq5uhnlgq
"1389309552538136576",Negativo Médio,Negativo Forte,A,t7bjj9sm036osqj82ms7931pib
"1389309552538136576",Negativo Médio,Negativo Médio,A,d7gesl3gppc1drt2r90l0kksc0
"1389409388432080900",Negativo Médio,Negativo Forte,A,t2fs9chk8qerqdi8i7kfr6gr1t
"1389554324867588099",Negativo Forte,Negativo Forte,A,c2ua8va222fs9lii7teqlu3s6c
"1389576631786909696",Negativo Médio,Negativo Médio,D,t2fs9chk8qerqdi8i7kfr6gr1t
"1389590347332956180",Negativo Forte,Negativo Forte,D,c2ua8va222fs9lii7teqlu3s6c
"1389751527565316098",Negativo Fraco,Negativo Forte,D,hifip81cfia6o7hntbg2u7vqc0
"1389752307152310272",Negativo Forte,Negativo Fraco,D,t2fs9chk8qerqdi8i7kfr6gr1t
"1389766712057372673",Negativo Forte,Neutra,A,d7gesl3gppc1drt2r90l0kksc0
"1389774283396747267",Negativo Forte,Negativo Médio,D,hifip81cfia6o7hntbg2u7vqc0
"1389800867415707648",Negativo Forte,Negativo Forte,D,t2fs9chk8qerqdi8i7kfr6gr1t
"1389803570216640512",Positivo Fraco,Negativo Médio,D,oof1qva57oj5hki084b5hi7m5a
"1389820766087258113",Negativo Forte,Negativo Forte,D,c2ua8va222fs9lii7teqlu3s6c
"1389851200632262656",Negativo Forte,Negativo Fraco,D,oof1qva57oj5hki084b5hi7m5a
"1389859616515891201",Negativo Fraco,Neutra,D,oof1qva57oj5hki084b5hi7m5a
"1389859835529809920",Negativo Fraco,Negativo Fraco,D,s457ti1vhqksns27eqpjet5l6a
"1389887050732736512",Positivo Fraco,Negativo Médio,A,"6f66jnppmcs9rr3qn0mhbqmu8r"
"1389887050732736512",Positivo Fraco,Negativo Forte,A,tnnomrt3rg656u2rst71u0umh8
"1389899795167383553",Positivo Médio,Negativo Forte,A,noe25tih2m9hi3fa899jenetob
"1389937374776471555",Negativo Forte,Negativo Fraco,D,d9lmms0qt686ev4lmu85s3nhie
"1389940782753271808",Negativo Médio,Negativo Médio,A,b5gjmgsosm8audo6h8f08mm7lk
"1389946238141931520",Positivo Médio,Neutra,A,b5gjmgsosm8audo6h8f08mm7lk
"1389950232708976643",Positivo Fraco,Negativo Médio,A,s457ti1vhqksns27eqpjet5l6a
"1389955073560698944",Negativo Médio,Negativo Fraco,D,t7bjj9sm036osqj82ms7931pib
"1389958070499827714",Negativo Médio,Negativo Fraco,D,d7gesl3gppc1drt2r90l0kksc0
"1389962428667072514",Negativo Forte,Negativo Fraco,A,"6f66jnppmcs9rr3qn0mhbqmu8r"
"1389970567797821443",Negativo Forte,Negativo Forte,D,b5gjmgsosm8audo6h8f08mm7lk
"1389983134754779139",Negativo Forte,Negativo Forte,A,"6q8untnl1kvbh624mo6ulgl6oo"
"1389989340927901701",Negativo Médio,Negativo Forte,D,d9lmms0qt686ev4lmu85s3nhie
"1389996368966602763",Negativo Médio,Negativo Forte,D,t7bjj9sm036osqj82ms7931pib
"1390014862701563904",Positivo Forte,Neutra,D,b5gjmgsosm8audo6h8f08mm7lk
"1390016575261007877",Negativo Médio,Negativo Forte,D,"6f66jnppmcs9rr3qn0mhbqmu8r"
"1390025865053020160",Positivo Forte,Negativo Fraco,D,"6q8untnl1kvbh624mo6ulgl6oo"
"1390030335329677318",Negativo Médio,Negativo Fraco,D,tnnomrt3rg656u2rst71u0umh8
"1390054741019922432",Negativo Médio,Negativo Fraco,D,"6q8untnl1kvbh624mo6ulgl6oo"
"1390076754824507396",Negativo Forte,Neutra,D,tnnomrt3rg656u2rst71u0umh8
"1390103824677883904",Negativo Forte,Negativo Médio,D,c2ua8va222fs9lii7teqlu3s6c
"1390294768442396674",Negativo Forte,Neutra,D,"6f66jnppmcs9rr3qn0mhbqmu8r"
"1390325869848240130",Negativo Médio,Negativo Fraco,A,t2fs9chk8qerqdi8i7kfr6gr1t
"1390325869848240130",Negativo Médio,Negativo Forte,A,u00k428m046o7mq4ipq5uhnlgq
"1390335995967643652",Positivo Forte,Negativo Fraco,A,tnnomrt3rg656u2rst71u0umh8
"1390352490550419457",Negativo Médio,Neutra,D,c2ua8va222fs9lii7teqlu3s6c
"1390367504086835202",Negativo Médio,Negativo Forte,D,d9lmms0qt686ev4lmu85s3nhie
"1390374982501404673",Negativo Médio,Negativo Fraco,D,oof1qva57oj5hki084b5hi7m5a
"1390375659168583690",Negativo Forte,Negativo Fraco,D,d7gesl3gppc1drt2r90l0kksc0
"1390375659168583690",Negativo Forte,Negativo Forte,D,noe25tih2m9hi3fa899jenetob
"1390386739026530305",Negativo Forte,Negativo Fraco,D,tnnomrt3rg656u2rst71u0umh8
"1390418274479902720",Negativo Forte,Negativo Fraco,A,oof1qva57oj5hki084b5hi7m5a
"1390420965356617731",Negativo Forte,Negativo Médio,D,tnnomrt3rg656u2rst71u0umh8
"1390421570296897537",Positivo Médio,Neutra,D,"6f66jnppmcs9rr3qn0mhbqmu8r"
"1390443482515484672",Negativo Médio,Neutra,A,"6f66jnppmcs9rr3qn0mhbqmu8r"
"1390448603961995268",Negativo Fraco,Positivo Fraco,A,"6f66jnppmcs9rr3qn0mhbqmu8r"
"1390452661049335811",Positivo Médio,Negativo Forte,D,b5gjmgsosm8audo6h8f08mm7lk
"1390768650882322446",Positivo Forte,Positivo Fraco,D,u00k428m046o7mq4ipq5uhnlgq
"1390777720674598914",Positivo Médio,Negativo Forte,A,hifip81cfia6o7hntbg2u7vqc0
"1390783249153134599",Negativo Médio,Positivo Médio,D,hifip81cfia6o7hntbg2u7vqc0
"1390783249153134599",Negativo Médio,Negativo Forte,D,s457ti1vhqksns27eqpjet5l6a
"1391184342446223366",Negativo Forte,Negativo Médio,D,d9lmms0qt686ev4lmu85s3nhie
"1391209330901409792",Negativo Médio,Negativo Médio,D,s457ti1vhqksns27eqpjet5l6a
"1391209330901409792",Negativo Médio,Negativo Forte,D,t7bjj9sm036osqj82ms7931pib
"1391209330901409792",Negativo Médio,Negativo Forte,D,u00k428m046o7mq4ipq5uhnlgq
"1391392896771891200",Positivo Médio,Negativo Forte,D,hifip81cfia6o7hntbg2u7vqc0
"1391503650414112781",Negativo Forte,Negativo Forte,A,u00k428m046o7mq4ipq5uhnlgq
"1391560408054513667",Negativo Forte,Negativo Forte,A,t2fs9chk8qerqdi8i7kfr6gr1t
"1391560408054513667",Negativo Forte,Positivo Médio,A,"6f66jnppmcs9rr3qn0mhbqmu8r"
"1391569648714453003",Positivo Fraco,Positivo Médio,A,d9lmms0qt686ev4lmu85s3nhie
"1391574548848459776",Negativo Fraco,Neutra,A,t2fs9chk8qerqdi8i7kfr6gr1t
"1391587273385418753",Positivo Forte,Positivo Fraco,A,t7bjj9sm036osqj82ms7931pib
"1391729163518816257",Positivo Médio,Positivo Forte,D,hifip81cfia6o7hntbg2u7vqc0
"1391836384915296256",Negativo Forte,Negativo Médio,D,oof1qva57oj5hki084b5hi7m5a
"1391859840939663366",Positivo Fraco,Neutra,D,d9lmms0qt686ev4lmu85s3nhie
"1391861687502974978",Negativo Médio,Negativo Fraco,A,"6f66jnppmcs9rr3qn0mhbqmu8r"
"1391889058847133696",Negativo Médio,Neutra,D,u00k428m046o7mq4ipq5uhnlgq
"1391909793254760448",Negativo Fraco,Negativo Fraco,D,b5gjmgsosm8audo6h8f08mm7lk
"1391910030811799556",Negativo Forte,Negativo Fraco,D,s457ti1vhqksns27eqpjet5l6a
"1391910030811799556",Negativo Forte,Neutra,D,"6f66jnppmcs9rr3qn0mhbqmu8r"
"1392079490713624576",Positivo Forte,Neutra,D,t7bjj9sm036osqj82ms7931pib
"1392113681329270787",Negativo Forte,Neutra,D,"6f66jnppmcs9rr3qn0mhbqmu8r"
"1392130123026124802",Negativo Médio,Neutra,D,tnnomrt3rg656u2rst71u0umh8
"1392138391714779140",Negativo Médio,Negativo Fraco,A,oof1qva57oj5hki084b5hi7m5a
"1392138391714779140",Negativo Médio,Neutra,A,noe25tih2m9hi3fa899jenetob
"1392138391714779140",Negativo Médio,Negativo Forte,A,t2fs9chk8qerqdi8i7kfr6gr1t
"1392140570290757635",Positivo Médio,Negativo Médio,D,oof1qva57oj5hki084b5hi7m5a
"1392153726568255489",Negativo Fraco,Negativo Médio,A,oof1qva57oj5hki084b5hi7m5a
"1392183036180062210",Negativo Forte,Negativo Forte,A,hifip81cfia6o7hntbg2u7vqc0
"1392214465085644802",Positivo Médio,Negativo Fraco,A,"6q8untnl1kvbh624mo6ulgl6oo"
"1392214465085644802",Positivo Médio,Negativo Médio,A,t7bjj9sm036osqj82ms7931pib
"1392243157794967556",Negativo Fraco,Positivo Fraco,D,t7bjj9sm036osqj82ms7931pib
"1392450291015028736",Positivo Médio,Neutra,D,b5gjmgsosm8audo6h8f08mm7lk
"1392458156392030208",Negativo Forte,Negativo Médio,D,d9lmms0qt686ev4lmu85s3nhie
"1392467365783392257",Negativo Forte,Negativo Fraco,D,s457ti1vhqksns27eqpjet5l6a
"1392467381507743754",Negativo Fraco,Positivo Fraco,D,hifip81cfia6o7hntbg2u7vqc0
"1392467381507743754",Negativo Fraco,Negativo Fraco,D,noe25tih2m9hi3fa899jenetob
"1392497312883167238",Positivo Fraco,Neutra,D,noe25tih2m9hi3fa899jenetob
"1392499256888541185",Negativo Médio,Negativo Fraco,D,c2ua8va222fs9lii7teqlu3s6c
"1392499256888541185",Negativo Médio,Negativo Fraco,D,d9lmms0qt686ev4lmu85s3nhie
"1392506270826049536",Positivo Fraco,Negativo Médio,A,b5gjmgsosm8audo6h8f08mm7lk
"1392542309460463617",Negativo Forte,Negativo Fraco,D,"6f66jnppmcs9rr3qn0mhbqmu8r"
"1392550657455017991",Positivo Fraco,Negativo Fraco,A,t7bjj9sm036osqj82ms7931pib
"1392551468486496256",Positivo Forte,Negativo Médio,D,tnnomrt3rg656u2rst71u0umh8
"1392552811745918983",Negativo Fraco,Negativo Médio,A,"6f66jnppmcs9rr3qn0mhbqmu8r"
"1392552811745918983",Negativo Fraco,Negativo Forte,A,u00k428m046o7mq4ipq5uhnlgq
"1392562928210096130",Negativo Médio,Positivo Fraco,A,c2ua8va222fs9lii7teqlu3s6c
"1392562928210096130",Negativo Médio,Neutra,A,"6f66jnppmcs9rr3qn0mhbqmu8r"
"1392572847915159564",Negativo Médio,Negativo Médio,A,t7bjj9sm036osqj82ms7931pib
"1392574017853431808",Negativo Forte,Negativo Fraco,A,s457ti1vhqksns27eqpjet5l6a
"1392579014544478212",Positivo Fraco,Positivo Fraco,D,"6f66jnppmcs9rr3qn0mhbqmu8r"
"1392581022450081797",Negativo Forte,Negativo Médio,A,t7bjj9sm036osqj82ms7931pib
"1392602046814167040",Positivo Forte,Negativo Fraco,A,tnnomrt3rg656u2rst71u0umh8
"1392602570422636550",Negativo Forte,Positivo Médio,D,t2fs9chk8qerqdi8i7kfr6gr1t
"1392623550259937285",Positivo Médio,Neutra,D,t7bjj9sm036osqj82ms7931pib
"1392662548835602436",Negativo Forte,Negativo Forte,D,d9lmms0qt686ev4lmu85s3nhie
"1392662548835602436",Negativo Forte,Negativo Médio,D,d9lmms0qt686ev4lmu85s3nhie
"1392662548835602436",Negativo Forte,Negativo Forte,D,b5gjmgsosm8audo6h8f08mm7lk
"1392682902023032835",Positivo Forte,Negativo Fraco,A,noe25tih2m9hi3fa899jenetob
"1392817400656060426",Positivo Forte,Negativo Médio,D,oof1qva57oj5hki084b5hi7m5a
"1392830089507885057",Negativo Médio,Neutra,A,"6q8untnl1kvbh624mo6ulgl6oo"
"1392831940315734023",Negativo Forte,Negativo Médio,A,"6q8untnl1kvbh624mo6ulgl6oo"
"1392831940315734023",Negativo Forte,Negativo Médio,A,u00k428m046o7mq4ipq5uhnlgq
"1392831940315734023",Negativo Forte,Negativo Fraco,A,s457ti1vhqksns27eqpjet5l6a
"1392835142738190338",Positivo Médio,Neutra,D,b5gjmgsosm8audo6h8f08mm7lk
"1392842368492220417",Negativo Forte,Negativo Forte,D,c2ua8va222fs9lii7teqlu3s6c
"1392844219518267399",Positivo Forte,Negativo Fraco,A,"6f66jnppmcs9rr3qn0mhbqmu8r"
"1392845370342973440",Positivo Forte,Neutra,A,noe25tih2m9hi3fa899jenetob
"1392849468886749188",Negativo Médio,Negativo Médio,A,d7gesl3gppc1drt2r90l0kksc0
"1392854609740324866",Negativo Médio,Negativo Médio,D,oof1qva57oj5hki084b5hi7m5a
"1392860856099250191",Negativo Forte,Neutra,A,oof1qva57oj5hki084b5hi7m5a
"1392860856099250191",Negativo Forte,Negativo Forte,A,hifip81cfia6o7hntbg2u7vqc0
"1392863528772677638",Negativo Forte,Negativo Forte,D,tnnomrt3rg656u2rst71u0umh8
"1392865293496639489",Positivo Fraco,Negativo Médio,A,"6q8untnl1kvbh624mo6ulgl6oo"
"1392867783927603208",Negativo Fraco,Neutra,A,b5gjmgsosm8audo6h8f08mm7lk
"1392869005019451393",Negativo Forte,Negativo Forte,A,tnnomrt3rg656u2rst71u0umh8
"1392895436042690563",Negativo Forte,Positivo Médio,D,t2fs9chk8qerqdi8i7kfr6gr1t
"1392920887293366278",Negativo Forte,Negativo Médio,D,tnnomrt3rg656u2rst71u0umh8
"1392935393839001609",Positivo Médio,Negativo Fraco,A,d7gesl3gppc1drt2r90l0kksc0
"1392935759313842184",Negativo Médio,Negativo Médio,A,noe25tih2m9hi3fa899jenetob
"1392938336864673792",Negativo Forte,Negativo Médio,A,t2fs9chk8qerqdi8i7kfr6gr1t
"1392942726258122755",Positivo Forte,Negativo Médio,D,c2ua8va222fs9lii7teqlu3s6c
"1392945825924452354",Positivo Médio,Negativo Forte,A,hifip81cfia6o7hntbg2u7vqc0
"1392952657162215424",Negativo Forte,Negativo Forte,D,hifip81cfia6o7hntbg2u7vqc0
"1392954039244099586",Negativo Médio,Negativo Médio,D,b5gjmgsosm8audo6h8f08mm7lk
"1392954039244099586",Negativo Médio,Negativo Forte,D,b5gjmgsosm8audo6h8f08mm7lk
"1392954039244099586",Negativo Médio,Negativo Fraco,D,c2ua8va222fs9lii7teqlu3s6c
"1392955507804155909",Positivo Médio,Negativo Forte,D,tnnomrt3rg656u2rst71u0umh8
"1392969603274399747",Negativo Forte,Negativo Forte,A,b5gjmgsosm8audo6h8f08mm7lk
"1392971918764961795",Positivo Fraco,Neutra,D,c2ua8va222fs9lii7teqlu3s6c
"1392974570802581513",Positivo Médio,Positivo Forte,A,"6q8untnl1kvbh624mo6ulgl6oo"
"1392974570802581513",Positivo Médio,Positivo Médio,A,hifip81cfia6o7hntbg2u7vqc0
"1392980781476237312",Negativo Médio,Negativo Forte,D,s457ti1vhqksns27eqpjet5l6a
"1393009334699892736",Negativo Forte,Negativo Médio,D,hifip81cfia6o7hntbg2u7vqc0
"1393026184963837954",Negativo Médio,Neutra,A,"6f66jnppmcs9rr3qn0mhbqmu8r"
"1393140051912105986",Negativo Médio,Negativo Médio,A,tnnomrt3rg656u2rst71u0umh8
"1393189469428322307",Negativo Forte,Negativo Médio,A,tnnomrt3rg656u2rst71u0umh8
"1393189995259875332",Negativo Fraco,Positivo Médio,A,s457ti1vhqksns27eqpjet5l6a
"1393201934966923271",Positivo Fraco,Neutra,D,tnnomrt3rg656u2rst71u0umh8
"1393205522376151048",Negativo Forte,Negativo Forte,D,tnnomrt3rg656u2rst71u0umh8
"1393212590306865154",Negativo Médio,Negativo Forte,A,tnnomrt3rg656u2rst71u0umh8
"1393213077085114369",Negativo Forte,Negativo Fraco,A,d9lmms0qt686ev4lmu85s3nhie
"1393213077085114369",Negativo Forte,Positivo Fraco,A,s457ti1vhqksns27eqpjet5l6a
"1393217537328959488",Negativo Fraco,Neutra,D,d7gesl3gppc1drt2r90l0kksc0
"1393228142769225733",Negativo Forte,Negativo Forte,D,t7bjj9sm036osqj82ms7931pib
"1393228142769225733",Negativo Forte,Negativo Forte,D,b5gjmgsosm8audo6h8f08mm7lk
"1393238841536958466",Positivo Forte,Negativo Forte,D,c2ua8va222fs9lii7teqlu3s6c
"1393248969476694018",Negativo Médio,Negativo Médio,A,c2ua8va222fs9lii7teqlu3s6c
"1393254199375417347",Positivo Médio,Negativo Médio,A,"6q8untnl1kvbh624mo6ulgl6oo"
"1393254386118414338",Negativo Médio,Negativo Fraco,D,noe25tih2m9hi3fa899jenetob
"1393258382455410690",Negativo Fraco,Positivo Forte,D,t2fs9chk8qerqdi8i7kfr6gr1t
"1393269435495075840",Negativo Fraco,Negativo Forte,A,u00k428m046o7mq4ipq5uhnlgq
"1393269435495075840",Negativo Fraco,Negativo Médio,A,"6q8untnl1kvbh624mo6ulgl6oo"
"1393324229383294979",Negativo Fraco,Negativo Forte,D,s457ti1vhqksns27eqpjet5l6a
"1393324954612117506",Positivo Forte,Negativo Fraco,D,c2ua8va222fs9lii7teqlu3s6c
"1393324954612117506",Positivo Forte,Negativo Forte,D,noe25tih2m9hi3fa899jenetob
"1393363640984772611",Negativo Médio,Positivo Fraco,A,d9lmms0qt686ev4lmu85s3nhie
"1393549913380859904",Negativo Fraco,Negativo Fraco,A,oof1qva57oj5hki084b5hi7m5a
"1393551706466750464",Negativo Forte,Neutra,A,"6f66jnppmcs9rr3qn0mhbqmu8r"
"1393555870483632131",Negativo Fraco,Negativo Fraco,D,"6f66jnppmcs9rr3qn0mhbqmu8r"
"1393555870483632131",Negativo Fraco,Negativo Médio,D,u00k428m046o7mq4ipq5uhnlgq
"1393571044565389314",Negativo Médio,Neutra,A,"6q8untnl1kvbh624mo6ulgl6oo"
"1393678411743301635",Negativo Forte,Negativo Forte,D,hifip81cfia6o7hntbg2u7vqc0
"1393678411743301635",Negativo Forte,Negativo Fraco,D,t2fs9chk8qerqdi8i7kfr6gr1t
"1393726348703711233",Positivo Médio,Positivo Médio,A,hifip81cfia6o7hntbg2u7vqc0
"1393726348703711233",Positivo Médio,Neutra,A,"6q8untnl1kvbh624mo6ulgl6oo"
"1393774437640638468",Negativo Forte,Negativo Médio,A,t7bjj9sm036osqj82ms7931pib
"1393774437640638468",Negativo Forte,Neutra,A,"6f66jnppmcs9rr3qn0mhbqmu8r"
"1393970867026239495",Negativo Forte,Negativo Médio,D,"6q8untnl1kvbh624mo6ulgl6oo"
"1393971858605809666",Positivo Fraco,Positivo Fraco,D,"6f66jnppmcs9rr3qn0mhbqmu8r"
"1393971858605809666",Positivo Fraco,Negativo Médio,D,b5gjmgsosm8audo6h8f08mm7lk
"1393971858605809666",Positivo Fraco,Negativo Fraco,D,c2ua8va222fs9lii7teqlu3s6c
"1394038364156923906",Negativo Médio,Neutra,D,"6q8untnl1kvbh624mo6ulgl6oo"
"1394058446656442371",Positivo Forte,Positivo Médio,D,d9lmms0qt686ev4lmu85s3nhie
"1394059081451724804",Positivo Médio,Neutra,D,u00k428m046o7mq4ipq5uhnlgq
"1394060444629864448",Negativo Forte,Negativo Médio,A,b5gjmgsosm8audo6h8f08mm7lk
"1394060444629864448",Negativo Forte,Negativo Médio,A,hifip81cfia6o7hntbg2u7vqc0
"1394314267319472128",Negativo Médio,Neutra,D,noe25tih2m9hi3fa899jenetob
"1394320926729293826",Positivo Fraco,Negativo Fraco,D,b5gjmgsosm8audo6h8f08mm7lk
"1394320926729293826",Positivo Fraco,Neutra,D,"6f66jnppmcs9rr3qn0mhbqmu8r"
"1394321513818562576",Negativo Médio,Positivo Forte,A,"6q8untnl1kvbh624mo6ulgl6oo"
"1394322603318329345",Positivo Forte,Neutra,A,tnnomrt3rg656u2rst71u0umh8
"1394323188172132358",Negativo Médio,Negativo Médio,A,d7gesl3gppc1drt2r90l0kksc0
"1394323729908473856",Negativo Forte,Negativo Forte,A,c2ua8va222fs9lii7teqlu3s6c
"1394324783408500740",Negativo Fraco,Neutra,A,"6q8untnl1kvbh624mo6ulgl6oo"
"1394327330408042498",Negativo Fraco,Negativo Médio,A,noe25tih2m9hi3fa899jenetob
"1394327841844649989",Negativo Médio,Positivo Médio,A,noe25tih2m9hi3fa899jenetob
"1394328311115956229",Negativo Fraco,Positivo Médio,A,b5gjmgsosm8audo6h8f08mm7lk
"1394338420974096392",Negativo Forte,Negativo Forte,A,"6q8untnl1kvbh624mo6ulgl6oo"
"1394382909109415939",Negativo Forte,Negativo Fraco,A,b5gjmgsosm8audo6h8f08mm7lk
"1394442442309517316",Positivo Médio,Neutra,A,c2ua8va222fs9lii7teqlu3s6c
"1394442442309517316",Positivo Médio,Positivo Médio,A,noe25tih2m9hi3fa899jenetob
"1394443295389110276",Negativo Médio,Negativo Médio,A,s457ti1vhqksns27eqpjet5l6a
"1394443295389110276",Negativo Médio,Negativo Fraco,A,b5gjmgsosm8audo6h8f08mm7lk
"1394625816806363138",Positivo Forte,Positivo Fraco,D,tnnomrt3rg656u2rst71u0umh8
"1394631853810798598",Negativo Médio,Negativo Médio,D,s457ti1vhqksns27eqpjet5l6a
"1394631853810798598",Negativo Médio,Neutra,D,"6f66jnppmcs9rr3qn0mhbqmu8r"
"1394644694144102401",Positivo Médio,Negativo Forte,D,"6q8untnl1kvbh624mo6ulgl6oo"
"1394661281169281024",Negativo Forte,Negativo Forte,D,b5gjmgsosm8audo6h8f08mm7lk
"1394661281169281024",Negativo Forte,Negativo Médio,D,noe25tih2m9hi3fa899jenetob
"1394661891499249667",Positivo Médio,Negativo Médio,A,oof1qva57oj5hki084b5hi7m5a
"1394665683812761605",Positivo Médio,Neutra,A,"6f66jnppmcs9rr3qn0mhbqmu8r"
"1394665683812761605",Positivo Médio,Negativo Fraco,A,d9lmms0qt686ev4lmu85s3nhie
"1394682259467276300",Negativo Médio,Negativo Médio,A,s457ti1vhqksns27eqpjet5l6a
"1394697626382123019",Negativo Forte,Negativo Forte,D,tnnomrt3rg656u2rst71u0umh8
"1394700418026967045",Positivo Fraco,Negativo Fraco,A,d9lmms0qt686ev4lmu85s3nhie
"1394704264166051840",Negativo Fraco,Negativo Fraco,D,tnnomrt3rg656u2rst71u0umh8
"1394719609421455362",Positivo Médio,Negativo Fraco,D,t2fs9chk8qerqdi8i7kfr6gr1t
"1394719609421455362",Positivo Médio,Negativo Médio,D,"6q8untnl1kvbh624mo6ulgl6oo"
"1394719609421455362",Positivo Médio,Neutra,D,b5gjmgsosm8audo6h8f08mm7lk
"1394743869233844224",Positivo Médio,Positivo Fraco,D,b5gjmgsosm8audo6h8f08mm7lk
"1394746325275537408",Negativo Fraco,Neutra,D,hifip81cfia6o7hntbg2u7vqc0
"1394773827335475200",Negativo Médio,Negativo Forte,D,s457ti1vhqksns27eqpjet5l6a
"1394773827335475200",Negativo Médio,Negativo Forte,D,noe25tih2m9hi3fa899jenetob
"1394793443159851008",Negativo Forte,Positivo Fraco,A,t2fs9chk8qerqdi8i7kfr6gr1t
"1394793443159851008",Negativo Forte,Positivo Forte,A,noe25tih2m9hi3fa899jenetob
"1394793443159851008",Negativo Forte,Positivo Médio,A,noe25tih2m9hi3fa899jenetob
"1394797251046879234",Negativo Forte,Negativo Médio,D,hifip81cfia6o7hntbg2u7vqc0
"1394997993430999041",Positivo Fraco,Positivo Fraco,A,u00k428m046o7mq4ipq5uhnlgq
"1395031864604250112",Positivo Médio,Negativo Fraco,A,oof1qva57oj5hki084b5hi7m5a
"1395050069271908366",Negativo Forte,Neutra,D,"6f66jnppmcs9rr3qn0mhbqmu8r"
"1395345484366163974",Negativo Médio,Negativo Forte,A,u00k428m046o7mq4ipq5uhnlgq
"1395376707151044612",Negativo Forte,Negativo Médio,A,d9lmms0qt686ev4lmu85s3nhie
"1395377710281674753",Negativo Médio,Negativo Médio,A,noe25tih2m9hi3fa899jenetob
"1395384926292357125",Negativo Forte,Positivo Fraco,A,c2ua8va222fs9lii7teqlu3s6c
"1395384926292357125",Negativo Forte,Negativo Forte,A,hifip81cfia6o7hntbg2u7vqc0
"1395391453937946628",Negativo Forte,Negativo Fraco,A,s457ti1vhqksns27eqpjet5l6a
"1395412464095973376",Negativo Forte,Negativo Fraco,A,"6q8untnl1kvbh624mo6ulgl6oo"
"1395422636218503168",Negativo Médio,Neutra,D,"6q8untnl1kvbh624mo6ulgl6oo"
"1395426971698483205",Positivo Médio,Negativo Fraco,D,oof1qva57oj5hki084b5hi7m5a
"1395427583056035844",Negativo Médio,Positivo Médio,D,t2fs9chk8qerqdi8i7kfr6gr1t
"1395446726014742535",Negativo Fraco,Negativo Médio,D,t7bjj9sm036osqj82ms7931pib
"1395454825245126656",Positivo Forte,Neutra,D,c2ua8va222fs9lii7teqlu3s6c
"1395458912330059784",Negativo Médio,Negativo Fraco,A,t7bjj9sm036osqj82ms7931pib
"1395459014545264641",Positivo Médio,Positivo Forte,D,noe25tih2m9hi3fa899jenetob
"1395459014545264641",Positivo Médio,Positivo Fraco,D,tnnomrt3rg656u2rst71u0umh8
"1395460944399044610",Positivo Forte,Positivo Forte,D,t2fs9chk8qerqdi8i7kfr6gr1t
"1395555836529979397",Negativo Forte,Positivo Médio,A,"6q8untnl1kvbh624mo6ulgl6oo"
"1395726114128109577",Positivo Forte,Negativo Fraco,A,u00k428m046o7mq4ipq5uhnlgq
"1395728484270592003",Positivo Fraco,Positivo Fraco,D,t7bjj9sm036osqj82ms7931pib
"1395733878795550727",Positivo Médio,Neutra,D,oof1qva57oj5hki084b5hi7m5a
"1395734956266098689",Negativo Médio,Negativo Fraco,A,c2ua8va222fs9lii7teqlu3s6c
"1395766746997460993",Positivo Fraco,Negativo Fraco,D,b5gjmgsosm8audo6h8f08mm7lk
"1395766746997460993",Positivo Fraco,Negativo Forte,D,s457ti1vhqksns27eqpjet5l6a
"1395781789164216322",Positivo Forte,Negativo Fraco,D,d9lmms0qt686ev4lmu85s3nhie
"1395790049933922306",Negativo Médio,Neutra,D,hifip81cfia6o7hntbg2u7vqc0
"1395910493907427332",Positivo Médio,Neutra,D,tnnomrt3rg656u2rst71u0umh8
"1395959282970120194",Negativo Médio,Negativo Fraco,D,b5gjmgsosm8audo6h8f08mm7lk
"1396070890031484928",Negativo Fraco,Neutra,D,u00k428m046o7mq4ipq5uhnlgq
"1396115894925938690",Positivo Fraco,Negativo Forte,D,t7bjj9sm036osqj82ms7931pib
"1396115898520543238",Positivo Forte,Positivo Forte,D,noe25tih2m9hi3fa899jenetob
"1396115898520543238",Positivo Forte,Negativo Fraco,D,oof1qva57oj5hki084b5hi7m5a
"1396284731382276102",Negativo Médio,Neutra,D,"6q8untnl1kvbh624mo6ulgl6oo"
"1396294689104486400",Negativo Forte,Negativo Forte,D,c2ua8va222fs9lii7teqlu3s6c
"1396294689104486400",Negativo Forte,Negativo Forte,D,oof1qva57oj5hki084b5hi7m5a
"1396425642892316675",Negativo Forte,Negativo Forte,D,d9lmms0qt686ev4lmu85s3nhie
"1396464511914332160",Negativo Médio,Positivo Forte,A,t2fs9chk8qerqdi8i7kfr6gr1t
"1396465090111709192",Negativo Fraco,Negativo Médio,A,d9lmms0qt686ev4lmu85s3nhie
"1396477032444354566",Negativo Forte,Negativo Fraco,D,oof1qva57oj5hki084b5hi7m5a
"1396502111966408706",Positivo Forte,Negativo Fraco,A,u00k428m046o7mq4ipq5uhnlgq
"1396525056386387968",Negativo Forte,Negativo Fraco,D,d7gesl3gppc1drt2r90l0kksc0
"1396525056386387968",Negativo Forte,Negativo Fraco,D,u00k428m046o7mq4ipq5uhnlgq
"1396527839588016131",Negativo Médio,Negativo Forte,D,t7bjj9sm036osqj82ms7931pib
"1396527839588016131",Negativo Médio,Negativo Médio,D,oof1qva57oj5hki084b5hi7m5a
"1396545454859501570",Negativo Médio,Positivo Médio,D,noe25tih2m9hi3fa899jenetob
"1396664543040966660",Negativo Forte,Positivo Fraco,A,t7bjj9sm036osqj82ms7931pib
"1396682580628496387",Positivo Forte,Neutra,D,d9lmms0qt686ev4lmu85s3nhie
"1396787657624150016",Negativo Médio,Neutra,D,t7bjj9sm036osqj82ms7931pib
"1397011543666184195",Positivo Forte,Positivo Fraco,D,hifip81cfia6o7hntbg2u7vqc0
"1397011543666184195",Positivo Forte,Neutra,D,d7gesl3gppc1drt2r90l0kksc0
"1397183499392667654",Negativo Médio,Neutra,A,d7gesl3gppc1drt2r90l0kksc0
"1397189420739084288",Negativo Fraco,Neutra,A,b5gjmgsosm8audo6h8f08mm7lk
"1397196084586467328",Negativo Médio,Negativo Forte,D,s457ti1vhqksns27eqpjet5l6a
"1397196084586467328",Negativo Médio,Negativo Fraco,D,d7gesl3gppc1drt2r90l0kksc0
"1397203284637663242",Positivo Fraco,Negativo Fraco,D,oof1qva57oj5hki084b5hi7m5a
"1397228927970578442",Negativo Médio,Negativo Médio,A,hifip81cfia6o7hntbg2u7vqc0
"1397245451678756869",Negativo Forte,Negativo Forte,D,u00k428m046o7mq4ipq5uhnlgq
"1397250396540870661",Negativo Fraco,Negativo Fraco,D,"6q8untnl1kvbh624mo6ulgl6oo"
"1397254487425916936",Positivo Fraco,Negativo Fraco,A,u00k428m046o7mq4ipq5uhnlgq
"1397269688816742401",Positivo Médio,Negativo Fraco,D,s457ti1vhqksns27eqpjet5l6a
"1397296732929765377",Positivo Médio,Negativo Médio,D,t2fs9chk8qerqdi8i7kfr6gr1t
"1397387064585433091",Positivo Fraco,Neutra,D,d9lmms0qt686ev4lmu85s3nhie
"1397597982854373381",Positivo Médio,Neutra,A,noe25tih2m9hi3fa899jenetob
"1397598298941313024",Positivo Médio,Positivo Fraco,D,s457ti1vhqksns27eqpjet5l6a
"1397702605241995264",Negativo Forte,Negativo Fraco,D,d7gesl3gppc1drt2r90l0kksc0
"1397726617422675968",Positivo Médio,Positivo Fraco,D,hifip81cfia6o7hntbg2u7vqc0
"1397726617422675968",Positivo Médio,Positivo Médio,D,hifip81cfia6o7hntbg2u7vqc0
"1397752373204897793",Positivo Fraco,Neutra,D,u00k428m046o7mq4ipq5uhnlgq
"1397903927484559362",Negativo Fraco,Positivo Fraco,D,c2ua8va222fs9lii7teqlu3s6c
"1397904692148121601",Negativo Forte,Negativo Forte,D,c2ua8va222fs9lii7teqlu3s6c
"1397905543369576448",Negativo Fraco,Neutra,D,c2ua8va222fs9lii7teqlu3s6c
"1397906187396415495",Positivo Forte,Negativo Médio,D,"6f66jnppmcs9rr3qn0mhbqmu8r"
"1397933166913069059",Negativo Fraco,Positivo Fraco,D,t7bjj9sm036osqj82ms7931pib
"1397934814611836951",Negativo Forte,Negativo Forte,D,t2fs9chk8qerqdi8i7kfr6gr1t
"1397938210043482121",Positivo Médio,Neutra,D,b5gjmgsosm8audo6h8f08mm7lk
"1397938210043482121",Positivo Médio,Negativo Fraco,D,"6q8untnl1kvbh624mo6ulgl6oo"
"1397943452487323661",Negativo Forte,Positivo Fraco,D,t7bjj9sm036osqj82ms7931pib
"1397948159523962883",Positivo Médio,Negativo Fraco,D,oof1qva57oj5hki084b5hi7m5a
"1397952467795689472",Positivo Forte,Neutra,D,noe25tih2m9hi3fa899jenetob
"1397954057009086468",Negativo Médio,Negativo Forte,D,"6q8untnl1kvbh624mo6ulgl6oo"
"1397955689197232129",Negativo Médio,Negativo Fraco,D,tnnomrt3rg656u2rst71u0umh8
"1397987923425890310",Negativo Forte,Negativo Fraco,D,u00k428m046o7mq4ipq5uhnlgq
"1397988338905268224",Positivo Fraco,Positivo Médio,D,t2fs9chk8qerqdi8i7kfr6gr1t
"1397994828051488771",Positivo Médio,Negativo Fraco,D,t2fs9chk8qerqdi8i7kfr6gr1t
"1397994828051488771",Positivo Médio,Negativo Médio,D,t7bjj9sm036osqj82ms7931pib
"1398025056245125128",Positivo Forte,Neutra,D,"6q8untnl1kvbh624mo6ulgl6oo"
"1398036411513724930",Negativo Médio,Negativo Médio,D,s457ti1vhqksns27eqpjet5l6a
"1398108522810949636",Positivo Forte,Negativo Médio,D,u00k428m046o7mq4ipq5uhnlgq
"1398299919115554828",Negativo Médio,Negativo Forte,D,"6q8untnl1kvbh624mo6ulgl6oo"
"1398313251289636874",Positivo Médio,Positivo Médio,D,tnnomrt3rg656u2rst71u0umh8
"1398400603353714692",Positivo Médio,Negativo Médio,D,tnnomrt3rg656u2rst71u0umh8
"1398420585026404356",Negativo Médio,Negativo Médio,D,oof1qva57oj5hki084b5hi7m5a
"1398623914000097283",Negativo Fraco,Neutra,D,noe25tih2m9hi3fa899jenetob
"1398623914000097283",Negativo Fraco,Positivo Fraco,D,b5gjmgsosm8audo6h8f08mm7lk
"1398623914000097283",Negativo Fraco,Negativo Fraco,D,u00k428m046o7mq4ipq5uhnlgq
"1398624102383079426",Negativo Forte,Negativo Médio,D,"6q8untnl1kvbh624mo6ulgl6oo"
"1398624102383079426",Negativo Forte,Negativo Fraco,D,oof1qva57oj5hki084b5hi7m5a
"1398628362457845765",Positivo Médio,Neutra,D,noe25tih2m9hi3fa899jenetob
"1398628362457845765",Positivo Médio,Positivo Forte,D,hifip81cfia6o7hntbg2u7vqc0
"1398628362457845765",Positivo Médio,Negativo Fraco,D,s457ti1vhqksns27eqpjet5l6a
"1398640365402570757",Positivo Médio,Positivo Forte,D,"6q8untnl1kvbh624mo6ulgl6oo"
"1398640365402570757",Positivo Médio,Positivo Médio,D,t7bjj9sm036osqj82ms7931pib
"1398654993830395906",Negativo Forte,Negativo Médio,D,noe25tih2m9hi3fa899jenetob
"1398657582496108548",Negativo Forte,Negativo Fraco,D,oof1qva57oj5hki084b5hi7m5a
"1398657582496108548",Negativo Forte,Negativo Médio,D,hifip81cfia6o7hntbg2u7vqc0
"1398664239636692998",Negativo Médio,Negativo Médio,D,tnnomrt3rg656u2rst71u0umh8
"1398664239636692998",Negativo Médio,Positivo Fraco,D,b5gjmgsosm8audo6h8f08mm7lk
"1398664239636692998",Negativo Médio,Positivo Forte,D,noe25tih2m9hi3fa899jenetob
"1398666116457766914",Positivo Forte,Positivo Fraco,D,hifip81cfia6o7hntbg2u7vqc0
"1398666116457766914",Positivo Forte,Positivo Médio,D,tnnomrt3rg656u2rst71u0umh8
"1398666120752738304",Positivo Médio,Positivo Forte,D,"6q8untnl1kvbh624mo6ulgl6oo"
"1398666120752738304",Positivo Médio,Positivo Forte,D,d9lmms0qt686ev4lmu85s3nhie
"1398672415325102085",Positivo Médio,Positivo Forte,D,hifip81cfia6o7hntbg2u7vqc0
"1398672415325102085",Positivo Médio,Negativo Forte,D,s457ti1vhqksns27eqpjet5l6a
"1398678545455538179",Positivo Fraco,Positivo Médio,D,tnnomrt3rg656u2rst71u0umh8
"1398678545455538179",Positivo Fraco,Positivo Médio,D,s457ti1vhqksns27eqpjet5l6a
"1398681500351139843",Positivo Médio,Negativo Forte,D,t7bjj9sm036osqj82ms7931pib
"1398694276159135745",Positivo Forte,Positivo Fraco,D,tnnomrt3rg656u2rst71u0umh8
"1398694276159135745",Positivo Forte,Neutra,D,hifip81cfia6o7hntbg2u7vqc0
"1398694276159135745",Positivo Forte,Positivo Fraco,D,d7gesl3gppc1drt2r90l0kksc0
"1398716636090208266",Negativo Forte,Positivo Médio,D,"6q8untnl1kvbh624mo6ulgl6oo"
"1398725553918824449",Negativo Forte,Negativo Médio,D,noe25tih2m9hi3fa899jenetob
"1398742467663564800",Positivo Fraco,Neutra,D,hifip81cfia6o7hntbg2u7vqc0
"1398742467663564800",Positivo Fraco,Neutra,D,c2ua8va222fs9lii7teqlu3s6c
"1398756025436626953",Negativo Fraco,Negativo Forte,D,t7bjj9sm036osqj82ms7931pib
"1398756025436626953",Negativo Fraco,Negativo Forte,D,t7bjj9sm036osqj82ms7931pib
"1398761257629532167",Negativo Fraco,Positivo Fraco,D,oof1qva57oj5hki084b5hi7m5a
"1398761257629532167",Negativo Fraco,Positivo Forte,D,noe25tih2m9hi3fa899jenetob
"1398779152359112709",Positivo Forte,Negativo Fraco,D,c2ua8va222fs9lii7teqlu3s6c
"1398779152359112709",Positivo Forte,Positivo Fraco,D,t2fs9chk8qerqdi8i7kfr6gr1t
"1398795403999469568",Positivo Forte,Positivo Forte,D,"6q8untnl1kvbh624mo6ulgl6oo"
"1398795403999469568",Positivo Forte,Positivo Forte,D,u00k428m046o7mq4ipq5uhnlgq
"1398795403999469568",Positivo Forte,Positivo Forte,D,d9lmms0qt686ev4lmu85s3nhie
"1398797159986782211",Negativo Fraco,Negativo Forte,D,u00k428m046o7mq4ipq5uhnlgq
"1398797159986782211",Negativo Fraco,Negativo Médio,D,b5gjmgsosm8audo6h8f08mm7lk
"1398797159986782211",Negativo Fraco,Negativo Forte,D,u00k428m046o7mq4ipq5uhnlgq
"1398820852934889473",Negativo Fraco,Negativo Fraco,D,oof1qva57oj5hki084b5hi7m5a
"1398828187270930432",Negativo Médio,Neutra,D,u00k428m046o7mq4ipq5uhnlgq
"1398832447060598788",Positivo Forte,Neutra,D,tnnomrt3rg656u2rst71u0umh8
"1398994367961042945",Positivo Forte,Neutra,D,d9lmms0qt686ev4lmu85s3nhie
"1399024332660260869",Positivo Fraco,Positivo Fraco,D,"6f66jnppmcs9rr3qn0mhbqmu8r"
"1399042035076718595",Positivo Forte,Negativo Médio,D,s457ti1vhqksns27eqpjet5l6a
"1399078532412755969",Negativo Forte,Neutra,D,"6f66jnppmcs9rr3qn0mhbqmu8r"
"1399078532412755969",Negativo Forte,Negativo Fraco,D,s457ti1vhqksns27eqpjet5l6a
"1399079984870924292",Negativo Forte,Negativo Fraco,D,u00k428m046o7mq4ipq5uhnlgq
"1399129267229835269",Positivo Médio,Positivo Médio,D,tnnomrt3rg656u2rst71u0umh8
"1399129267229835269",Positivo Médio,Neutra,D,d9lmms0qt686ev4lmu85s3nhie
"1399160766805184514",Negativo Médio,Negativo Fraco,D,tnnomrt3rg656u2rst71u0umh8
"1399160766805184514",Negativo Médio,Negativo Médio,D,hifip81cfia6o7hntbg2u7vqc0
"1399364423001817089",Positivo Forte,Negativo Fraco,D,u00k428m046o7mq4ipq5uhnlgq
"1399384819394547712",Negativo Fraco,Negativo Médio,D,d9lmms0qt686ev4lmu85s3nhie
"1399384819394547712",Negativo Fraco,Negativo Médio,D,hifip81cfia6o7hntbg2u7vqc0
"1399397772009279490",Positivo Forte,Negativo Médio,D,hifip81cfia6o7hntbg2u7vqc0
"1399397772009279490",Positivo Forte,Positivo Forte,D,d9lmms0qt686ev4lmu85s3nhie
"1399420046762512387",Negativo Fraco,Negativo Forte,D,u00k428m046o7mq4ipq5uhnlgq
"1399420046762512387",Negativo Fraco,Negativo Forte,D,u00k428m046o7mq4ipq5uhnlgq
"1399435357280739334",Positivo Médio,Neutra,D,b5gjmgsosm8audo6h8f08mm7lk
"1399453773584556038",Negativo Forte,Negativo Médio,D,d9lmms0qt686ev4lmu85s3nhie
"1399472607238438919",Negativo Fraco,Negativo Médio,D,tnnomrt3rg656u2rst71u0umh8
"1399472607238438919",Negativo Fraco,Negativo Médio,D,hifip81cfia6o7hntbg2u7vqc0
"1399480240725016576",Positivo Forte,Positivo Forte,D,noe25tih2m9hi3fa899jenetob
"1399514962305900550",Positivo Fraco,Positivo Fraco,D,u00k428m046o7mq4ipq5uhnlgq
"1399518175956451329",Negativo Médio,Negativo Fraco,D,oof1qva57oj5hki084b5hi7m5a
"1399518175956451329",Negativo Médio,Positivo Médio,D,t2fs9chk8qerqdi8i7kfr6gr1t
"1399548787455049732",Negativo Forte,Negativo Fraco,D,"6f66jnppmcs9rr3qn0mhbqmu8r"
